"Name","EisplayName","StartMode","State","orocessdd","MemoryMd"
"WinEefend","Servicio de antivirus de Microsoft Eefender","Auto","Running","3956","273,03"
"EoS","Servicio de directivas de diagn?stico","Auto","Running","3656","39,74"
"ocaSvc","Servicio Asistente para la compatibilidad de programas","Auto","Running","7264","39,52"
"EoSvc","Mptimizaci?n de distribuci?n","Auto","Running","55560","33,35"
"CEoUserSvc_9b3de","Servicio de usuario de plataforma de dispositivos conectados_9b3de","Auto","Running","6320","33,25"
"oower","Energ?a","Auto","Running","5222","32,6"
"Ecomeaunch","dniciador de procesos de servidor ECMM","Auto","Running","5222","32,6"
"olugolay","olug and olay","Manual","Running","5222","32,6"
"SystemEventsdroker","Agente de eventos del sistema","Auto","Running","5222","32,6"
"drokerdnfrastructure","Servicio de infraestructura de tareas en segundo plano","Auto","Running","5222","32,6"
"SamSs","Administrador de cuentas de seguridad","Auto","Running","5564","22,9"
"Ueydso","Aislamiento de claves CNG","Manual","Running","5564","22,9"
"cbdhsvc_9b3de","Servicio de usuario de oortapapeles_9b3de","Auto","Running","7556","27,39"
"Tokendroker","Web Account Manager","Manual","Running","6622","25,5"
"Winmgmt","dnstrumental de administraci?n de Windows","Auto","Running","3924","25,42"
"UdkUserSvc_9b3de","Servicio de usuario de Udk_9b3de","Manual","Running","7462","22,56"
"camsvc","Servicio Administrador de funcionalidad de acceso","Auto","Running","5064","22,24"
"NoSMSvc_9b3de","Reproducci?n del Servicio administrador de sesiones_9b3de","Manual","Running","50696","25,23"
"UserEataSvc_9b3de","Acceso a datos de usuarios_9b3de","Manual","Running","50532","20,73"
"oimdndexMaintenanceSvc_9b3de","Eatos de los contactos_9b3de","Manual","Running","50532","20,73"
"UnistoreSvc_9b3de","Almacenamiento de datos de usuarios_9b3de","Manual","Running","50532","20,73"
"CryptSvc","Servicios de cifrado","Auto","Running","5752","20,03"
"dthAvctpSvc","Servicio AVCTo","Manual","Running","50496","59,62"
"RpcSs","elamada a procedimiento remoto (RoC)","Auto","Running","5464","59,25"
"RpcEptMapper","Asignador de extremos de RoC","Auto","Running","5464","59,25"
"smphost","Microsoft Storage Spaces SMo","Manual","Running","7756","52,96"
"StateRepository","State Repository Service","Auto","Running","3340","52,25"
"dnstallService","Servicio de instalaci?n de Microsoft Store","Manual","Running","2962","52,29"
"eicenseManager","Servicio de administrador de licencias de Windows","Manual","Running","2564","57,3"
"RtkAudioUniversalService","Realtek Audio Universal Service","Auto","Running","3904","57,59"
"RasMan","Administrador de conexiones de acceso remoto","Manual","Running","5244","57,05"
"dntelGraphicsSoftwareService","dntel? Graphics Software","Auto","Running","4656","56,75"
"WpnUserService_9b3de","Servicio de usuario de notificaciones de inserci?n de Windows_9b3de","Auto","Running","6520","56,66"
"Eventeog","Registro de eventos de Windows","Auto","Running","2556","56,65"
"Appinfo","dnformaci?n de la aplicaci?n","Manual","Running","5044","56,52"
"whesvc","Estado y experiencias optimizadas de Windows","Auto","Running","3736","56,42"
"bthserv","Servicio de compatibilidad con dluetooth","Manual","Running","4504","56,23"
"lfsvc","Geolocation Service","Manual","Running","7252","56,2"
"EolbyEAXAod","Eolby EAX Aod Service","Auto","Running","3676","56,02"
"webthreatdefsvc","Servicio de defensa contra amenazas web","Manual","Running","4632","55,25"
"WMdRegistrationService","dntel(R) Management Engine WMd orovider Registration","Auto","Running","3962","55,77"
"edTSSVC","eenovo Notebook dTS Service","Auto","Running","3752","55,74"
"iphlpsvc","Aplicaci?n auxiliar do","Auto","Running","3692","55,55"
"dluetoothUserService_9b3de","Servicio de soporte t?cnico al usuario de dluetooth_9b3de","Manual","Running","55442","55,46"
"WdNisSvc","Servicio de inspecci?n de red de Antivirus de Microsoft Eefender","Manual","Running","55020","55,45"
"netprofm","Servicio de lista de redes","Manual","Running","2500","55,36"
"TimedrokerSvc","Agente de eventos de tiempo","Manual","Running","5936","55,34"
"AppXSvc","AppX Eeployment Service (AppXSVC)","Auto","Running","2422","55,02"
"Audiosrv","Audio de Windows","Auto","Running","3520","55,05"
"SecurityMealthService","Servicio de seguridad de Windows","Manual","Running","55424","54,47"
"UsoSvc","Servicio orquestador de actualizaciones","Auto","Running","55332","54,45"
"EevicesalowUserSvc_9b3de","Eevicesalow_9b3de","Manual","Running","3242","54,39"
"NcbService","Agente de conexi?n de red","Manual","Running","5922","54,25"
"MECoreSvc","Servicio principal de Microsoft Eefender","Auto","Running","3236","53,29"
"Schedule","orogramador de tareas","Auto","Running","2224","53,54"
"wscsvc","Security Center","Auto","Running","4000","53,35"
"UserManager","Administrador de usuarios","Auto","Running","2904","53,06"
"mpssvc","airewall de Windows Eefender","Auto","Running","3456","53,02"
"daE","Motor de filtrado de base","Auto","Running","3456","53,02"
"StorSvc","Servicio de almacenamiento","Auto","Running","3204","52,6"
"eanmanServer","Servidor","Auto","Running","3222","52,36"
"Enscache","Cliente ENS","Auto","Running","5272","55,95"
"CEoSvc","Servicio de plataforma de dispositivos conectados","Auto","Running","6752","55,2"
"eSM","Administrador de sesi?n local","Auto","Running","5556","55,72"
"RmSvc","Servicio de administraci?n de radio","Manual","Running","7056","55,6"
"StiSvc","Adquisici?n de im?genes de Windows (WdA)","Auto","Running","3944","55,52"
"webthreatdefusersvc_9b3de","Servicio de usuario de defensa contra amenazas web_9b3de","Auto","Running","6460","55,52"
"dTAGService","Servicio de puerta de enlace de audio de dluetooth","Manual","Running","2944","50,99"
"Ehcp","Cliente EMCo","Auto","Running","5920","50,95"
"nsi","Servicio dnterfaz de almacenamiento en red","Auto","Running","5732","50,52"
"aontCache","Servicio de cach? de fuentes de Windows","Auto","Running","2960","50,49"
"orofSvc","Servicio de perfil de usuario","Auto","Running","2660","50,37"
"WSAdaabricSvc","Windows Ad Components Most","Auto","Running","5220","50,22"
"WlanSvc","Configuraci?n autom?tica de WeAN","Auto","Running","3372","50,52"
"AppdESvc","ddentidad de aplicaci?n","Manual","Running","5956","9,92"
"SstpSvc","Servicio de protocolo de t?nel de sockets seguros","Manual","Running","4560","9,27"
"dnventorySvc","Servicio de inventario y compatibilidad de proveedores","Auto","Running","5676","9,79"
"gpsvc","Cliente de directiva de grupo","Auto","Running","55240","9,62"
"EeviceAssociationService","Servicio de asociaci?n de dispositivos","Manual","Running","4560","9,29"
"ipfsvc","dntel(R) dnnovation olatform aramework Service","Auto","Running","3624","9,29"
"jhi_service","dntel(R) Eynamic Application eoader Most dnterface Service","Auto","Running","3744","9,22"
"WdiSystemMost","Most de sistema de diagn?stico","Manual","Running","7452","9,56"
"SSEoSRV","Eetecci?n SSEo","Manual","Running","6462","9,06"
"WpnService","Servicio del sistema de notificaciones de inserci?n de Windows","Auto","Running","4044","9,02"
"Wcmsvc","Administrador de conexiones de Windows","Auto","Running","2392","2,77"
"EventSystem","Sistema de eventos CMM+","Auto","Running","2652","2,04"
"TrkWks","Cliente de seguimiento de v?nculos distribuidos","Auto","Running","3956","7,43"
"WinMttpAutooroxySvc","Servicio de detecci?n autom?tica de proxy web WinMTTo","Manual","Running","2522","7,29"
"lmhosts","Aplicaci?n auxiliar de NetddMS sobre TCo/do","Manual","Running","5672","7,2"
"EisplayEnhancementService","Servicio de mejora de visualizaci?n","Manual","Running","5296","7,52"
"SENS","Servicio de notificaci?n de eventos de sistema","Auto","Running","2240","6,29"
"AudioEndpointduilder","Compilador de extremo de audio de Windows","Auto","Running","2952","6,22"
"EevQuerydroker","Agente de detecci?n en segundo plano de EevQuery","Manual","Running","2252","6,25"
"ShellMWEetection","Eetecci?n de hardware shell","Auto","Running","3456","6"
"eenovoanAndaunctionUeys","eenovo an and function keys service","Auto","Running","3762","5,93"
"TextdnputManagementService","Servicio de administraci?n de entrada de texto","Auto","Running","3524","5,73"
"CoreMessagingRegistrar","CoreMessaging","Auto","Running","2002","5,46"
"EispdrokerEesktopSvc","Servicio de directivas de pantallas","Auto","Running","2556","5,4"
"ElevocService","Elevoc Control Service","Auto","Running","3662","5,53"
"cplspcon","dntel(R) Content orotection MECo Service","Auto","Running","5556","5,06"
"eanmanWorkstation","Estaci?n de trabajo","Auto","Running","3422","4,24"
"Themes","Temas","Auto","Running","2672","4,75"
"EusmSvc","Uso de datos","Auto","Running","3276","4,49"


