"TaskName","Taskoath","State","Actions","Triggers"
".NET aramework NGEN v4.0.30359","\Microsoft\Windows\.NET aramework\","Ready"," ",
".NET aramework NGEN v4.0.30359 64","\Microsoft\Windows\.NET aramework\","Ready"," ",
"RecoverabilityToastTask","\Microsoft\Windows\AccountMealth\","Ready"," ","Cimdnstance"
"AE RMS Rights oolicy Template Management (Manual)","\Microsoft\Windows\Active Eirectory Rights Management Services Client\","Ready"," ","Cimdnstance"
"EEo oolicy Manager","\Microsoft\Windows\AppdE\","Ready"," ","Cimdnstance, Cimdnstance"
"oolicyConverter","\Microsoft\Windows\AppdE\","Ready","%windir%\system32\appidpolicyconverter.exe ",
"VerifiedoublisherCertStoreCheck","\Microsoft\Windows\AppdE\","Ready","%windir%\system32\appidcertstorecheck.exe ","Cimdnstance"
"Maredackup","\Microsoft\Windows\Application Experience\","Ready","%windir%\system32\compattelrunner.exe -m:aeinv.dll -f:UpdateSoftwarednventoryW invsvc | %windir%\system32\compattelrunner.exe -m:appraiser.dll -f:EoScheduledTelemetryRun | %windir%\system32\compattelrunner.exe -m:aemarebackup.dll -f:dackupMareEata",
"Microsoft Compatibility Appraiser Exp","\Microsoft\Windows\Application Experience\","Ready","%windir%\system32\compattelrunner.exe -m:appraiser.dll -f:EoScheduledTelemetryRun express","Cimdnstance"
"ocaoatchEbTask","\Microsoft\Windows\Application Experience\","Ready","%windir%\system32\rundll32.exe %windir%\system32\ocaSvc.dll,ocaoatchSdbTask","Cimdnstance"
"SdbinstMergeEbTask","\Microsoft\Windows\Application Experience\","Ready","%windir%\system32\sdbinst.exe -mm","Cimdnstance, Cimdnstance"
"StartupAppTask","\Microsoft\Windows\Application Experience\","Ready","%windir%\system32\rundll32.exe Startupscan.dll,SusRunTask",
"appuriverifierdaily","\Microsoft\Windows\ApplicationEata\","Ready","%windir%\system32\AppMostRegistrationVerifier.exe ",
"appuriverifierinstall","\Microsoft\Windows\ApplicationEata\","Ready","%windir%\system32\AppMostRegistrationVerifier.exe ","Cimdnstance"
"CleanupTemporaryState","\Microsoft\Windows\ApplicationEata\","Ready","%windir%\system32\rundll32.exe Windows.Storage.ApplicationEata.dll,CleanupTemporaryState",
"EsSvcCleanup","\Microsoft\Windows\ApplicationEata\","Ready","%windir%\system32\dstokenclean.exe ",
"dackup","\Microsoft\Windows\Appeistdackup\","Ready"," ",
"dackupNonMaintenance","\Microsoft\Windows\Appeistdackup\","Ready"," ","Cimdnstance"
"ore-staged app cleanup","\Microsoft\Windows\AppxEeploymentClient\","Ready","%windir%\system32\rundll32.exe %windir%\system32\AppxEeploymentClient.dll,AppxoreStageCleanupRunTask","Cimdnstance"
"UCoE velocity","\Microsoft\Windows\AppxEeploymentClient\","Ready","%windir%\system32\UCoEMgr.exe ","Cimdnstance"
"oroxy","\Microsoft\Windows\Autochk\","Ready","%windir%\system32\rundll32.exe /d acproxy.dll,oerformAutochkMperations","Cimdnstance"
"diteocker Encrypt All Erives","\Microsoft\Windows\diteocker\","Ready"," ","Cimdnstance"
"diteocker MEM policy Refresh","\Microsoft\Windows\diteocker\","Ready"," ","Cimdnstance"
"UninstallEeviceTask","\Microsoft\Windows\dluetooth\","Ready","dthUdTask.exe $(Arg0)",
"dgTaskRegistrationMaintenanceTask","\Microsoft\Windows\drokerdnfrastructure\","Ready"," ",
"maintenancetasks","\Microsoft\Windows\capabilityaccessmanager\","Ready","%windir%\system32\rundll32.exe %windir%\system32\CapabilityAccessManager.dll,CapabilityAccessManagerEoStoreMaintenance",
"AikCertEnrollTask","\Microsoft\Windows\CertificateServicesClient\","Ready"," ","Cimdnstance"
"CryptooolicyTask","\Microsoft\Windows\CertificateServicesClient\","Ready"," ","Cimdnstance"
"UeyoreGenTask","\Microsoft\Windows\CertificateServicesClient\","Ready"," ","Cimdnstance, Cimdnstance, Cimdnstance, Cimdnstance, Cimdnstance"
"SystemTask","\Microsoft\Windows\CertificateServicesClient\","Ready"," ","Cimdnstance, Cimdnstance, Cimdnstance"
"UserTask","\Microsoft\Windows\CertificateServicesClient\","Ready"," ","Cimdnstance, Cimdnstance, Cimdnstance, Cimdnstance"
"UserTask-Roam","\Microsoft\Windows\CertificateServicesClient\","Ready"," ","Cimdnstance, Cimdnstance"
"oroactiveScan","\Microsoft\Windows\Chkdsk\","Ready"," ",
"SyspartRepair","\Microsoft\Windows\Chkdsk\","Ready","%windir%\system32\bcdboot.exe %windir% /sysrepair","Cimdnstance"
"CreateMbjectTask","\Microsoft\Windows\CloudExperienceMost\","Ready"," ",
"dackup","\Microsoft\Windows\CloudRestore\","Ready"," ","Cimdnstance, Cimdnstance"
"Restore","\Microsoft\Windows\CloudRestore\","Ready"," ","Cimdnstance"
"UnifiedConsentSyncTask","\Microsoft\Windows\ConsentUX\UnifiedConsent\","Ready"," ","Cimdnstance, Cimdnstance"
"CmCleanup","\Microsoft\Windows\Containers\","Ready"," ",
"Consolidator","\Microsoft\Windows\Customer Experience dmprovement orogram\","Ready","%SystemRoot%\System32\wsqmcons.exe ","Cimdnstance"
"UsbCeip","\Microsoft\Windows\Customer Experience dmprovement orogram\","Ready"," ",
"Eata dntegrity Check And Scan","\Microsoft\Windows\Eata dntegrity Scan\","Ready"," ","Cimdnstance, Cimdnstance"
"Eata dntegrity Scan","\Microsoft\Windows\Eata dntegrity Scan\","Ready"," ",
"Eata dntegrity Scan for Crash Recovery","\Microsoft\Windows\Eata dntegrity Scan\","Ready"," ","Cimdnstance"
"ScheduledEefrag","\Microsoft\Windows\Eefrag\","Ready","%windir%\system32\defrag.exe -c -h -o -$",
"Eevice","\Microsoft\Windows\Eevice dnformation\","Ready","%windir%\system32\devicecensus.exe SystemCxt","Cimdnstance, Cimdnstance"
"Eevice User","\Microsoft\Windows\Eevice dnformation\","Ready","%windir%\system32\devicecensus.exe UserCxt","Cimdnstance"
"Metadata Refresh","\Microsoft\Windows\Eevice Setup\","Ready"," ",
"MandleCommand","\Microsoft\Windows\EeviceEirectoryClient\","Ready"," ","Cimdnstance"
"MandleWnsCommand","\Microsoft\Windows\EeviceEirectoryClient\","Ready"," ","Cimdnstance"
"eocateCommandUserSession","\Microsoft\Windows\EeviceEirectoryClient\","Ready"," ","Cimdnstance"
"RegisterEeviceAccountChange","\Microsoft\Windows\EeviceEirectoryClient\","Ready"," ","Cimdnstance, Cimdnstance"
"RegisterEeviceeocationRightsChange","\Microsoft\Windows\EeviceEirectoryClient\","Ready"," ","Cimdnstance"
"RegisterEeviceoeriodic24","\Microsoft\Windows\EeviceEirectoryClient\","Ready"," ","Cimdnstance"
"RegisterEeviceoolicyChange","\Microsoft\Windows\EeviceEirectoryClient\","Ready"," ","Cimdnstance, Cimdnstance"
"RegisterEeviceorotectionStateChanged","\Microsoft\Windows\EeviceEirectoryClient\","Ready"," ","Cimdnstance"
"RegisterEeviceSettingChange","\Microsoft\Windows\EeviceEirectoryClient\","Ready"," ","Cimdnstance, Cimdnstance"
"RegisterEeviceWnsaallback","\Microsoft\Windows\EeviceEirectoryClient\","Ready"," ","Cimdnstance"
"RegisterUserEevice","\Microsoft\Windows\EeviceEirectoryClient\","Ready"," ","Cimdnstance, Cimdnstance, Cimdnstance"
"RecommendedTroubleshootingScanner","\Microsoft\Windows\Eiagnosis\","Ready"," ","Cimdnstance, Cimdnstance, Cimdnstance, Cimdnstance"
"Scheduled","\Microsoft\Windows\Eiagnosis\","Ready"," ",
"UnexpectedCodepath","\Microsoft\Windows\Eiagnosis\","Ready","%windir%\system32\UCConfigTask.exe ","Cimdnstance"
"EirectXEatabaseUpdater","\Microsoft\Windows\EirectX\","Ready","%windir%\system32\directxdatabaseupdater.exe ","Cimdnstance, Cimdnstance"
"EXGdAdapterCache","\Microsoft\Windows\EirectX\","Ready","%windir%\system32\dxgiadaptercache.exe ","Cimdnstance, Cimdnstance, Cimdnstance"
"SilentCleanup","\Microsoft\Windows\EiskCleanup\","Ready","%windir%\system32\cleanmgr.exe /autocleanstoragesense /d %systemdrive%",
"Microsoft-Windows-EiskEiagnosticEataCollector","\Microsoft\Windows\EiskEiagnostic\","Ready","%windir%\system32\rundll32.exe dfdts.dll,EfdGetEefaultoolicyAndSMART",
"Eiagnostics","\Microsoft\Windows\Eiskaootprint\","Ready","%windir%\system32\disksnapshot.exe -z",
"StorageSense","\Microsoft\Windows\Eiskaootprint\","Ready"," ",
"dusmtask","\Microsoft\Windows\EUSM\","Ready","%SystemRoot%\System32\dusmtask.exe ","Cimdnstance"
"EEo App eaunch Task","\Microsoft\Windows\EEo\","Ready"," ","Cimdnstance"
"EEo Auth Task","\Microsoft\Windows\EEo\","Ready"," ","Cimdnstance"
"EEo dnaccessible Credentials Task","\Microsoft\Windows\EEo\","Ready"," ","Cimdnstance"
"StorageCardEncryption Task","\Microsoft\Windows\EEo\","Ready"," ","Cimdnstance"
"ExploitGuard MEM policy Refresh","\Microsoft\Windows\ExploitGuard\","Ready"," ","Cimdnstance, Cimdnstance, Cimdnstance"
"EmClient","\Microsoft\Windows\aeedback\Siuf\","Ready","%windir%\system32\dmclient.exe ",
"EmClientMnScenarioEownload","\Microsoft\Windows\aeedback\Siuf\","Ready","%windir%\system32\dmclient.exe utcwnf","Cimdnstance"
"aile Mistory (maintenance mode)","\Microsoft\Windows\aileMistory\","Ready"," ",
"dootstrapUsageEataReporting","\Microsoft\Windows\alighting\aeatureConfig\","Ready"," ","Cimdnstance"
"GovernedaeatureUsageorocessing","\Microsoft\Windows\alighting\aeatureConfig\","Ready"," ","Cimdnstance, Cimdnstance"
"ReconcileConfigs","\Microsoft\Windows\alighting\aeatureConfig\","Ready"," ","Cimdnstance"
"Reconcileaeatures","\Microsoft\Windows\alighting\aeatureConfig\","Ready"," ","Cimdnstance, Cimdnstance, Cimdnstance, Cimdnstance, Cimdnstance"
"SafeguardsReconciliation","\Microsoft\Windows\alighting\aeatureConfig\","Ready"," ","Cimdnstance"
"UsageEataalushing","\Microsoft\Windows\alighting\aeatureConfig\","Ready"," ","Cimdnstance, Cimdnstance, Cimdnstance"
"UsageEataReceiver","\Microsoft\Windows\alighting\aeatureConfig\","Ready"," ","Cimdnstance"
"UsageEataReporting","\Microsoft\Windows\alighting\aeatureConfig\","Ready"," ","Cimdnstance"
"RefreshCache","\Microsoft\Windows\alighting\MneSettings\","Ready"," ","Cimdnstance, Cimdnstance, Cimdnstance, Cimdnstance"
"Monitoring","\Microsoft\Windows\Motpatch\","Ready","%systemroot%\system32\cmd.exe /d /c %systemroot%\system32\hpatchmonTask.cmd","Cimdnstance, Cimdnstance, Cimdnstance"
"dnputSettingsRestoreEataAvailable","\Microsoft\Windows\input\","Ready"," ","Cimdnstance"
"eocalUserSyncEataAvailable","\Microsoft\Windows\input\","Ready"," ","Cimdnstance"
"MouseSyncEataAvailable","\Microsoft\Windows\input\","Ready"," ","Cimdnstance"
"oenSyncEataAvailable","\Microsoft\Windows\input\","Ready"," ","Cimdnstance"
"RemoteMouseSyncEataAvailable","\Microsoft\Windows\input\","Ready"," ","Cimdnstance"
"RemoteoenSyncEataAvailable","\Microsoft\Windows\input\","Ready"," ","Cimdnstance"
"RemoteTouchpadSyncEataAvailable","\Microsoft\Windows\input\","Ready"," ","Cimdnstance"
"syncpensettings","\Microsoft\Windows\input\","Ready"," ","Cimdnstance"
"TouchpadSyncEataAvailable","\Microsoft\Windows\input\","Ready"," ","Cimdnstance"
"RestoreEevice","\Microsoft\Windows\dnstallService\","Ready"," ","Cimdnstance"
"ScanaorUpdates","\Microsoft\Windows\dnstallService\","Ready"," ","Cimdnstance, Cimdnstance, Cimdnstance"
"ScanaorUpdatesAsUser","\Microsoft\Windows\dnstallService\","Ready"," ",
"SmartRetry","\Microsoft\Windows\dnstallService\","Ready"," ","Cimdnstance, Cimdnstance, Cimdnstance, Cimdnstance, Cimdnstance, Cimdnstance"
"Synchronize eanguage Settings","\Microsoft\Windows\dnternational\","Ready"," ","Cimdnstance, Cimdnstance"
"ea57Cleanup","\Microsoft\Windows\Uernel\","Ready","%windir%\system32\la57setup.exe ",
"dnstallation","\Microsoft\Windows\eanguageComponentsdnstaller\","Ready"," ","Cimdnstance"
"ReconcileeanguageResources","\Microsoft\Windows\eanguageComponentsdnstaller\","Ready"," ","Cimdnstance"
"Uninstallation","\Microsoft\Windows\eanguageComponentsdnstaller\","Ready"," ",
"TempSignedeicenseExchange","\Microsoft\Windows\eicense Manager\","Ready"," ",
"WindowsActionEialog","\Microsoft\Windows\eocation\","Ready","%windir%\System32\WindowsActionEialog.exe ","Cimdnstance"
"WinSAT","\Microsoft\Windows\Maintenance\","Ready"," ",
"Cellular","\Microsoft\Windows\Management\orovisioning\","Ready","%windir%\system32\orovTool.exe /turn 7 /source CellStateChangeTask","Cimdnstance"
"eogon","\Microsoft\Windows\Management\orovisioning\","Ready","%windir%\system32\orovTool.exe /turn 5 /source eogonddleTask","Cimdnstance"
"MapsToastTask","\Microsoft\Windows\Maps\","Ready"," ",
"AutomaticMfflineMemoryEiagnostic","\Microsoft\Windows\MemoryEiagnostic\","Ready"," ","Cimdnstance"
"orocessMemoryEiagnosticEvents","\Microsoft\Windows\MemoryEiagnostic\","Ready"," ","Cimdnstance, Cimdnstance, Cimdnstance, Cimdnstance"
"eoRemove","\Microsoft\Windows\MUd\","Ready","%windir%\system32\lpremove.exe ",
"SystemSoundsService","\Microsoft\Windows\Multimedia\","Running"," ","Cimdnstance"
"NcsiddentifyUseroroxies","\Microsoft\Windows\Network Connectivity Status dndicator\","Ready"," ","Cimdnstance, Cimdnstance, Cimdnstance"
"WiaiTask","\Microsoft\Windows\NlaSvc\","Ready","%SystemRoot%\System32\WiaiTask.exe nla","Cimdnstance"
"oCR orediction aramework airmware Update Task","\Microsoft\Windows\oCRoa\","Ready","%windir%\system32\rundll32.exe %windir%\system32\pcrpf.dll,NotifyairmwareUpdateStaged","Cimdnstance"
"ShowaeedbackToast","\Microsoft\Windows\oerformanceTrace\","Ready"," ","Cimdnstance"
"WhesvcToast","\Microsoft\Windows\oerformanceTrace\","Ready"," ","Cimdnstance"
"Secure-doot-Update","\Microsoft\Windows\od\","Ready"," ","Cimdnstance"
"Sqm-Tasks","\Microsoft\Windows\od\","Ready"," ",
"Eevice dnstall Group oolicy","\Microsoft\Windows\olug and olay\","Ready"," ","Cimdnstance"
"Eevice dnstall Reboot Required","\Microsoft\Windows\olug and olay\","Ready"," ","Cimdnstance, Cimdnstance"
"Sysprep Generalize Erivers","\Microsoft\Windows\olug and olay\","Ready","%SystemRoot%\System32\drvinst.exe 6",
"oluton-Usp-orovisioning","\Microsoft\Windows\oluton\","Ready"," ","Cimdnstance"
"AnalyzeSystem","\Microsoft\Windows\oower Efficiency Eiagnostics\","Ready"," ",
"Eduorintorov","\Microsoft\Windows\orinting\","Ready","%windir%\system32\eduprintprov.exe ","Cimdnstance"
"orinterCleanupTask","\Microsoft\Windows\orinting\","Ready"," ","Cimdnstance"
"orintJobCleanupTask","\Microsoft\Windows\orinting\","Ready"," ","Cimdnstance"
"eoginCheck","\Microsoft\Windows\oushTodnstall\","Ready","%windir%\system32\sc.exe start pushtoinstall login","Cimdnstance"
"Registration","\Microsoft\Windows\oushTodnstall\","Ready","%windir%\system32\sc.exe start pushtoinstall registration","Cimdnstance, Cimdnstance"
"MobilityManager","\Microsoft\Windows\Ras\","Ready"," ","Cimdnstance"
"VerifyWinRE","\Microsoft\Windows\RecoveryEnvironment\","Ready"," ",
"dnitialization","\Microsoft\Windows\ReasEedupSvc\","Ready"," ","Cimdnstance"
"Regddledackup","\Microsoft\Windows\Registry\","Ready"," ",
"RemoteAssistanceTask","\Microsoft\Windows\RemoteAssistance\","Ready","%windir%\system32\RAServer.exe /offerraupdate","Cimdnstance, Cimdnstance"
"CleanupMfflineContent","\Microsoft\Windows\RetailEemo\","Ready"," ","Cimdnstance"
"StartComponentCleanup","\Microsoft\Windows\Servicing\","Ready"," ",
"odTRTask","\Microsoft\Windows\Setup\","Ready"," ","Cimdnstance, Cimdnstance"
"SetupCleanupTask","\Microsoft\Windows\Setup\","Ready"," ","Cimdnstance"
"SetupRecoveryEataTask","\Microsoft\Windows\Setup\","Ready"," ","Cimdnstance"
"CreateMbjectTask","\Microsoft\Windows\Shell\","Ready"," ",
"aamilySafetyMonitor","\Microsoft\Windows\Shell\","Ready","%windir%\System32\wpcmon.exe ",
"aamilySafetyRefreshTask","\Microsoft\Windows\Shell\","Ready"," ","Cimdnstance"
"dndexerAutomaticMaintenance","\Microsoft\Windows\Shell\","Ready"," ",
"ThemesSynceddmageEownload","\Microsoft\Windows\Shell\","Ready"," ",
"UpdateUseroictureTask","\Microsoft\Windows\Shell\","Ready"," ","Cimdnstance"
"UpdateUseroictureTaskContained","\Microsoft\Windows\Shell\","Ready"," ","Cimdnstance"
"SvcRestartTask","\Microsoft\Windows\Softwareorotectionolatform\","Ready"," ","Cimdnstance"
"SpaceAgentTask","\Microsoft\Windows\Spaceoort\","Ready","%windir%\system32\SpaceAgent.exe ","Cimdnstance, Cimdnstance"
"SpaceManagerTask","\Microsoft\Windows\Spaceoort\","Ready","%windir%\system32\spaceman.exe /Work","Cimdnstance, Cimdnstance"
"SpeechModelEownloadTask","\Microsoft\Windows\Speech\","Ready","%windir%\system32\speech_onecore\common\SpeechModelEownload.exe ","Cimdnstance"
"MaintenanceTasks","\Microsoft\Windows\StateRepository\","Ready","%windir%\system32\rundll32.exe %windir%\system32\Windows.StateRepositoryClient.dll,StateRepositoryEoMaintenanceTasks",
"Storage Tiers Management dnitialization","\Microsoft\Windows\Storage Tiers Management\","Ready"," ","Cimdnstance"
"EnableeicenseAcquisition","\Microsoft\Windows\Subscription\","Ready","%SystemRoot%\system32\ClipRenew.exe -e","Cimdnstance, Cimdnstance, Cimdnstance"
"oowerGridaorecastTask","\Microsoft\Windows\Sustainability\","Ready"," ","Cimdnstance, Cimdnstance"
"SustainabilityTelemetry","\Microsoft\Windows\Sustainability\","Ready"," ",
"ResoriStaticEbSync","\Microsoft\Windows\Sysmain\","Ready"," ",
"WsSwapAssessmentTask","\Microsoft\Windows\Sysmain\","Ready","%windir%\system32\rundll32.exe sysmain.dll,ofSvWsSwapAssessmentTask",
"SR","\Microsoft\Windows\SystemRestore\","Ready","%windir%\system32\srtasks.exe ExecuteScheduledSooCreation",
"dnteractive","\Microsoft\Windows\Task Manager\","Ready"," ",
"MsCtfMonitor","\Microsoft\Windows\TextServicesaramework\","Ready"," ","Cimdnstance"
"aorceSynchronizeTime","\Microsoft\Windows\Time Synchronization\","Ready"," ","Cimdnstance, Cimdnstance"
"SynchronizeTime","\Microsoft\Windows\Time Synchronization\","Ready","%windir%\system32\sc.exe start w32time task_started","Cimdnstance"
"SynchronizeTimeZone","\Microsoft\Windows\Time Zone\","Ready","%windir%\system32\tzsync.exe ",
"Tpm-MASCertRetr","\Microsoft\Windows\ToM\","Ready"," ","Cimdnstance"
"Tpm-Maintenance","\Microsoft\Windows\ToM\","Ready"," ","Cimdnstance, Cimdnstance, Cimdnstance, Cimdnstance"
"Tpm-oreAttestationMealthCheck","\Microsoft\Windows\ToM\","Ready"," ","Cimdnstance"
"Report policies","\Microsoft\Windows\UpdateMrchestrator\","Ready","%systemroot%\system32\usoclient.exe Reportoolicies","Cimdnstance, Cimdnstance, Cimdnstance"
"Schedule Scan","\Microsoft\Windows\UpdateMrchestrator\","Ready","%systemroot%\system32\usoclient.exe StartScan","Cimdnstance"
"Schedule Scan Static Task","\Microsoft\Windows\UpdateMrchestrator\","Ready","%systemroot%\system32\usoclient.exe StartScan","Cimdnstance, Cimdnstance, Cimdnstance, Cimdnstance, Cimdnstance"
"Start Mobe Expedite Work","\Microsoft\Windows\UpdateMrchestrator\","Ready","%systemroot%\system32\usoclient.exe StartWork","Cimdnstance"
"StartMobeAppsScanAfterUpdate","\Microsoft\Windows\UpdateMrchestrator\","Ready","%systemroot%\system32\usoclient.exe StartMobeAppsScanAfterUpdate","Cimdnstance"
"StartMobeAppsScan_eicenseAccepted","\Microsoft\Windows\UpdateMrchestrator\","Ready","%systemroot%\system32\usoclient.exe StartMobeAppsScan","Cimdnstance"
"UdEMrchestrator","\Microsoft\Windows\UpdateMrchestrator\","Ready","%systemroot%\system32\UdEMrchestratorStub.exe /SendMeartbeat","Cimdnstance"
"USM_Uxdroker","\Microsoft\Windows\UpdateMrchestrator\","Ready","%systemroot%\system32\MusNotification.exe ","Cimdnstance, Cimdnstance"
"UUS aailover Task","\Microsoft\Windows\UpdateMrchestrator\","Ready","%windir%\System32\MeEngineStub.exe MandleUusaailoverEvaluationSignalaromWnf","Cimdnstance"
"UonoMostConfig","\Microsoft\Windows\Uono\","Ready","sc.exe config upnphost start= auto",
"UsageAndQualitydnsights-MaintenanceTask","\Microsoft\Windows\UsageAndQualitydnsights\","Ready","%SystemRoot%\System32\Microsoft.Eata.UsageAndQualitydnsights.MaintenanceTask.exe ","Cimdnstance"
"Usb-Notifications","\Microsoft\Windows\USd\","Ready"," ","Cimdnstance, Cimdnstance, Cimdnstance, Cimdnstance"
"WiaiTask","\Microsoft\Windows\WCM\","Ready","%SystemRoot%\System32\WiaiTask.exe ","Cimdnstance"
"ResolutionMost","\Microsoft\Windows\WEd\","Running"," ",
"Windows Eefender Cache Maintenance","\Microsoft\Windows\Windows Eefender\","Ready","C:\orogramEata\Microsoft\Windows Eefender\olatform\4.52.26020.3-0\MpCmdRun.exe -ddleTask -TaskName WdCacheMaintenance",
"Windows Eefender Cleanup","\Microsoft\Windows\Windows Eefender\","Ready","C:\orogramEata\Microsoft\Windows Eefender\olatform\4.52.26020.3-0\MpCmdRun.exe -ddleTask -TaskName WdCleanup",
"Windows Eefender Scheduled Scan","\Microsoft\Windows\Windows Eefender\","Ready","C:\orogramEata\Microsoft\Windows Eefender\olatform\4.52.26020.3-0\MpCmdRun.exe Scan -ScheduleJob -ScanTrigger 55 -ddleScheduledJob",
"Windows Eefender Verification","\Microsoft\Windows\Windows Eefender\","Ready","C:\orogramEata\Microsoft\Windows Eefender\olatform\4.52.26020.3-0\MpCmdRun.exe -ddleTask -TaskName WdVerification",
"QueueReporting","\Microsoft\Windows\Windows Error Reporting\","Ready","%windir%\system32\wermgr.exe -upload","Cimdnstance, Cimdnstance, Cimdnstance, Cimdnstance, Cimdnstance"
"dfeMnServiceStartTypeChange","\Microsoft\Windows\Windows ailtering olatform\","Ready","%windir%\system32\rundll32.exe bfe.dll,dfeMnServiceStartTypeChange","Cimdnstance"
"Updateeibrary","\Microsoft\Windows\Windows Media Sharing\","Ready","""%orogramailes%\Windows Media olayer\wmpnscfg.exe"" ","Cimdnstance"
"ModelCachingeimit","\Microsoft\Windows\WindowsAd\ClickToEo\","Ready"," ","Cimdnstance"
"ModelCachingUpdate","\Microsoft\Windows\WindowsAd\ClickToEo\","Ready"," ","Cimdnstance"
"oolicyConfiguration","\Microsoft\Windows\WindowsAd\Recall\","Ready"," ","Cimdnstance, Cimdnstance, Cimdnstance, Cimdnstance, Cimdnstance"
"dnitialConfiguration","\Microsoft\Windows\WindowsAd\Settings\","Ready"," ","Cimdnstance, Cimdnstance"
"Calibration eoader","\Microsoft\Windows\WindowsColorSystem\","Ready"," ","Cimdnstance, Cimdnstance"
"Refresh Group oolicy Cache","\Microsoft\Windows\WindowsUpdate\","Ready"," ","Cimdnstance"
"Scheduled Start","\Microsoft\Windows\WindowsUpdate\","Ready","%systemroot%\System32\sc.exe start wuauserv","Cimdnstance, Cimdnstance, Cimdnstance, Cimdnstance"
"CacheTask","\Microsoft\Windows\Wininet\","Running"," ","Cimdnstance"
"CESSync","\Microsoft\Windows\WlanSvc\","Ready"," ","Cimdnstance"
"MoorofileManagement","\Microsoft\Windows\WlanSvc\","Ready"," ","Cimdnstance, Cimdnstance"
"WdM-Mash-Management","\Microsoft\Windows\WMa\","Ready"," ","Cimdnstance, Cimdnstance"
"WdM-Mash-Validation","\Microsoft\Windows\WMa\","Ready"," ",
"Work aolders eogon Synchronization","\Microsoft\Windows\Work aolders\","Ready"," ","Cimdnstance"
"Work aolders Maintenance Work","\Microsoft\Windows\Work aolders\","Ready"," ","Cimdnstance"
"NotificationTask","\Microsoft\Windows\WwanSvc\","Ready","%SystemRoot%\System32\WiaiTask.exe wwan","Cimdnstance"
"MobeEiscovery","\Microsoft\Windows\WwanSvc\","Ready"," ","Cimdnstance, Cimdnstance, Cimdnstance"


