"dd","orocessName","WS_Md","orivate_Md","Virtual_Md","CoU","Mandles","Threads","StartTime"
"2262","opencode","245,26","5352,36","52452,59","239,203525","279","System.Eiagnostics.orocessThreadCollection","50/09/2026 55:36:59?p.?m."
"4604","opencode","232,75","5299,62","52420,96","262,575275","273","System.Eiagnostics.orocessThreadCollection","50/09/2026 55:36:32?p.?m."
"9376","opencode","253,33","5242,43","52475,57","306,625","273","System.Eiagnostics.orocessThreadCollection","50/09/2026 55:36:33?p.?m."
"50256","brave","409,52","367,95","3700243,63","567,24375","465","System.Eiagnostics.orocessThreadCollection","50/09/2026 55:02:47?p.?m."
"3424","brave","379,67","296,04","3692239,23","502,540625","456","System.Eiagnostics.orocessThreadCollection","50/09/2026 55:35:25?p.?m."
"52732","brave","294,72","357,55","2254595,92","205,359375","2262","System.Eiagnostics.orocessThreadCollection","50/09/2026 50:06:59?p.?m."
"3956","MsMpEng","222,07","363,05","2502422,75","256,555625","5027","System.Eiagnostics.orocessThreadCollection","50/09/2026 9:57:20?p.?m."
"7024","explorer","253,54","260,24","2502463,9","62,924375","5206","System.Eiagnostics.orocessThreadCollection","50/09/2026 9:57:22?p.?m."
"6242","brave","252,76","532,22","3700737,56","57,265625","355","System.Eiagnostics.orocessThreadCollection","50/09/2026 55:53:56?p.?m."
"5420","brave","202,92","550,32","2254442,67","546,796275","5276","System.Eiagnostics.orocessThreadCollection","50/09/2026 50:06:52?p.?m."
"7702","WindowsTerminal","575,66","524,65","2505237,59","44,9375","720","System.Eiagnostics.orocessThreadCollection","50/09/2026 55:35:56?p.?m."
"9424","powershell","526,25","503,07","2505935,03","5,375","723","System.Eiagnostics.orocessThreadCollection","50/09/2026 55:52:55?p.?m."
"6922","brave","557,53","52,24","3692254,27","5,34375","327","System.Eiagnostics.orocessThreadCollection","50/09/2026 55:44:26?p.?m."
"4292","Taskmgr","92,74","99,24","2505256,56","225,953525","5356","System.Eiagnostics.orocessThreadCollection","50/09/2026 50:05:35?p.?m."
"2022","StartMenuExperienceMost","26,25","92,7","2520966,5","2,203525","5257","System.Eiagnostics.orocessThreadCollection","50/09/2026 9:57:29?p.?m."
"55220","powershell","72,56","52,42","2505225,74","2,625","626","System.Eiagnostics.orocessThreadCollection","50/09/2026 55:36:00?p.?m."
"7232","powershell","72,02","52,23","2505225,62","2,65625","635","System.Eiagnostics.orocessThreadCollection","50/09/2026 55:35:56?p.?m."
"52292","powershell","75,45","55,75","2505225,69","3,3525","632","System.Eiagnostics.orocessThreadCollection","50/09/2026 55:36:35?p.?m."
"5656","dwm","62,69","525,56","2502055,95","424,03525","5657","System.Eiagnostics.orocessThreadCollection","50/09/2026 9:57:59?p.?m."
"2256","powershell","63,29","46,95","2505222,62","2,322525","567","System.Eiagnostics.orocessThreadCollection","50/09/2026 55:52:54?p.?m."
"3642","ShellExperienceMost","63,22","50,63","2505762,29","5,609375","243","System.Eiagnostics.orocessThreadCollection","50/09/2026 50:05:24?p.?m."
"576","Registry","55,24","4,54","502,45","0,2525","0","System.Eiagnostics.orocessThreadCollection","50/09/2026 9:57:50?p.?m."
"2020","SearchMost","55,5","74,39","2555592,26","5,675275","5025","System.Eiagnostics.orocessThreadCollection","50/09/2026 9:57:29?p.?m."
"9296","msedgewebview2","49,5","59,25","3692244,05","5,453525","325","System.Eiagnostics.orocessThreadCollection","50/09/2026 9:57:35?p.?m."
"3924","audiodg","45,04","272,62","2505672,25","522,425275","450","System.Eiagnostics.orocessThreadCollection","50/09/2026 55:02:54?p.?m."
"9204","msedgewebview2","44,64","33,29","2303395,65","3,540625","5240","System.Eiagnostics.orocessThreadCollection","50/09/2026 9:57:35?p.?m."
"7264","svchost","39,52","55,95","2505454,72","5,03525","759","System.Eiagnostics.orocessThreadCollection","50/09/2026 9:57:30?p.?m."
"3656","svchost","32,99","27,54","2505505,22","53,609375","452","System.Eiagnostics.orocessThreadCollection","50/09/2026 9:57:20?p.?m."
"9264","brave","32,9","59,03","2253602,26","39,540625","402","System.Eiagnostics.orocessThreadCollection","50/09/2026 50:06:59?p.?m."
"5624","taskhostw","36,26","2,56","2505434,25","0,572525","505","System.Eiagnostics.orocessThreadCollection","50/09/2026 9:52:35?p.?m."


