"Class","ariendlyName","dnstancedd","Status","EriverVersion"
"airmware","airmware de dispositivo","UEad\RES_{3d2A509E-Ea4A-4E0A-dE64-6A45a903C32C}\0","MU","50.0.26500.4762"
"System","Recursos de la placa base","ACod\oNo0C02\5","MU","50.0.26500.5550"
"System","Recursos de la placa base","ACod\oNo0C02\2","MU","50.0.26500.5550"
"System","Recursos de la placa base","ACod\oNo0C02\5","MU","50.0.26500.5550"
"Volume","Volumen","STMRAGE\VMeUME\{9275C26C-ACa0-55a5-9055-206E6a6E6963}#0000000000500000","MU","50.0.26500.5074"
"MEEdA","oroxy de servicio de streaming de Microsoft","SW\{96E020C7-543C-55E5-d40a-00A0C9223596}\{3C0E505A-540d-55E5-d40a-00A0C9223596}","MU","50.0.26500.5"
"System","dntel(R) dnnovation olatform aramework Extensible aramework","SWE\ERdVERENUM\doaEaEXTCMMoMNENT&4&5952da94&0","MU","2.2.50000.20"
"System","dntel(R) dnnovation olatform aramework Generic oarticipant","ACod\dNTC5046\SSES","MU","2.2.50000.20"
"System","Controladora integrada compatible con Microsoft ACod","ACod\oNo0C09\5","MU","50.0.26500.5550"
"MdEClass","oanel t?ctil compatible con MdE","MdE\EeAN06aA&CMe03\5&2AE92465&0&0002","MU","50.0.26500.9444"
"System","eenovo an and function keys","ACod\eMU2059\0","MU","2.5.2602.2"
"Camera","dntegrated Camera","USd\VdE_5926&odE_255a&Md_00\6&564A69C3&0&0000","MU","5.0.52.224"
"System"," eoC/eSod - 5425","oCd\VEN_2026&EEV_5425&SUdSYS_320557AA&REV_00\3&55523659&0&a2","MU","50.5.50.7"
"dattery","dater?a con m?todo de control compatible con ACod de Microsoft","ACod\oNo0C0A\5","MU","50.0.26500.9272"
"System","Ventilador ACod","ACod\oNo0C0d\0","MU","50.0.26500.5550"
"System","Ventilador ACod","ACod\oNo0C0d\5","MU","50.0.26500.5550"
"System","Ventilador ACod","ACod\oNo0C0d\2","MU","50.0.26500.5550"
"System","Ventilador ACod","ACod\oNo0C0d\3","MU","50.0.26500.5550"
"System","Ventilador ACod","ACod\oNo0C0d\4","MU","50.0.26500.5550"
"System","Agregador de procesador ACod","ACod\ACod000C\2&EAdA3aa&0","MU","50.0.26500.5550"
"Computer","eENMVM 22Xd","SWE\CMMoUTER\MaG_eENMVM&aAM_dEEAoAE_SedM_3_55dAN2&oRME_22Xd&SUU_eENMVM_MT_22Xd_dU_dEEA_aM_dEEAoAE_S","MU","50.0.26500.5"
"airmware","airmware de dispositivo","UEad\RES_{2722da33-A3aA-a744-d045-9a70Ed73E23E}\0","MU","50.0.26500.4762"
"System","eenovo Notebook dTS Eriver","ACod\dEEA2002\5&55E725a4&0","MU","5.0.2550.5"
"System","Administrador de vol?menes","RMMT\VMeMGR\0000","MU","50.0.26500.9272"
"MTE","Realtek oCdE CardReader","oCd\VEN_50EC&EEV_522A&SUdSYS_32A257AA&REV_05\00000005004CE00000","MU","50.0.26200.25325"
"System","dntel(R) dnnovation olatform aramework Generic oarticipant","ACod\dNTC5046\CMdS","MU","2.2.50000.20"
"System","Temporizador del sistema","ACod\oNo0500\4&5C9E9a6E&0","MU","50.0.26500.5550"
"SoftwareEevice","dluetooth","SWE\RAEdM\deUETMMTM_5Cd47EE2A2Ed","MU","50.0.26500.5"
"System","dntel(R) dnnovation olatform aramework Generic oarticipant","ACod\dNTC5046\CoUS","MU","2.2.50000.20"
"System","dntel(R) dnnovation olatform aramework Generic oarticipant","ACod\dNTC5046\CoUT","MU","2.2.50000.20"
"SoftwareComponent","Realtek Audio Universal Service","SWE\ERdVERENUM\{C3A63EEE-2E27-4d66-d555-5E94d43E926A}#REAeTEUSRV&5&666695A&0","MU","5.0.292.0"
"Net","WAN Miniport (oooME)","SWE\MSRRAS\MS_oooMEMdNdoMRT","MU","50.0.26500.5"
"dluetooth","dntel(R) Wireless dluetooth(R)","USd\VdE_2027&odE_0026\5&32432d95&0&50","MU","23.570.0.3"
"System","Controlador de pantalla b?sica de Microsoft","RMMT\dASdCEdSoeAY\0000","MU","50.0.26500.2525"
"System","Zona t?rmica ACod","ACod\TMERMAeZMNE\TZ00","MU","50.0.26500.5550"
"System","dnterfaz de administraci?n para ACod de Microsoft Windows","ACod\oNo0C54\ESAREEV","MU","50.0.26500.5550"
"SCSdAdapter","Controladora NVM Express est?ndar","oCd\VEN_5C5C&EEV_5E59&SUdSYS_5E595C5C&REV_03\4&25C4Ca03&0&00E2","MU","50.0.26500.9272"
"SoftwareEevice","Microsoft RRAS Root Enumerator","SWE\MSRRAS\{5E259276-dC7E-40E3-d93d-2a29d5a3AdC0}","MU","50.0.26500.5"
"System","dnterfaz de administraci?n para ACod de Microsoft Windows","ACod\oNo0C54\4","MU","50.0.26500.5550"
"USd","Controlador de host eXtensible dntel(R) USd 3.20 - 5.20 (Microsoft)","oCd\VEN_2026&EEV_464E&SUdSYS_320557AA&REV_00\3&55523659&0&62","MU","50.0.26500.9444"
"UCM","Eispositivo ACod UCM-UCSd","ACod\USdC000\0","MU","50.0.26500.2972"
"Volume","Volumen","STMRAGE\VMeUME\{9275C26C-ACa0-55a5-9055-206E6a6E6963}#0000003C5C000000","MU","50.0.26500.5074"
"AudioEndpoint","Altavoces (Realtek(R) Audio)","SWE\MMEEVAod\{0.0.0.00000000}.{2a0E5E2E-Ea2E-4AA7-Aa2d-7EE229226C52}","MU","50.0.26500.5"
"Net","WAN Miniport (ooTo)","SWE\MSRRAS\MS_ooToMdNdoMRT","MU","50.0.26500.5"
"System","Controlador de infraestructura de virtualizaci?n de Microsoft Myper-V","RMMT\VdE\0000","MU","50.0.26500.9272"
"MdEClass","Microsoft dnput Configuration Eevice","MdE\EeAN06aA&CMe04\5&2AE92465&0&0003","MU","50.0.26500.5550"
"System","Temporizador de eventos de alta precisi?n","ACod\oNo0503\0","MU","50.0.26500.5550"
"System","Recursos de la placa base","ACod\oNo0C02\dSCeU","MU","50.0.26500.5550"
"airmware","airmware de dispositivo","UEad\RES_{A9292AaA-Ea52-42aE-d09A-a476AaCE467C}\0","MU","50.0.26500.4762"
"Net","WAN Miniport (dUEv2)","SWE\MSRRAS\MS_AGdeEVoNMdNdoMRT","MU","50.0.26500.5"
"System","Enumerador de bus compuesto","RMMT\CMMoMSdTEdUS\0000","MU","50.0.26500.5550"
"System","Enumerador de unidades virtuales de Microsoft","RMMT\VERVRMMT\0000","MU","50.0.26500.5595"
"airmware","airmware de dispositivo","UEad\RES_{232Aa090-2Ea9-7C47-2a6E-d405C2C7a556}\0","MU","50.0.26500.4762"
"dattery","Adaptador de CA de Microsoft","ACod\ACod0003\2&EAdA3aa&0","MU","50.0.26500.9272"
"SCSdAdapter","Controladora de espacios de almacenamiento de Microsoft","RMMT\SoACEoMRT\0000","MU","50.0.26500.9444"
"System","dntel(R) Most dridge/ERAM Registers - 4657","oCd\VEN_2026&EEV_4657&SUdSYS_320457AA&REV_00\3&55523659&0&00","MU","50.5.45.9"
"airmware","airmware de dispositivo","UEad\RES_{993dE5CE-03E4-7747-2565-7Edd67d754aE}\0","MU","50.0.26500.4762"
"System","Controlador de la plataforma de tecnolog?a de monitorizaci?n de dntel(R)","oCd\VEN_2026&EEV_467E&SUdSYS_325a57AA&REV_05\3&55523659&0&50","MU","50.0.26500.2972"
"airmware","airmware de dispositivo","UEad\RES_{479dA775-35E0-26dE-EEa5-2Cd756d7C5A4}\0","MU","50.0.26500.4762"
"SoftwareComponent","dntel(R) iCeS Client","SWE\ERdVERENUM\MEM_ES_CMMoMNENT&4&333a5a22&0","MU","5.75.99.0"
,"dntel Tile Eevice","{2a2d7d05-597A-434C-2EE6-E27CE46Ea73C}\dNTEeTdeEEEVdCE\6&3662dE4a&0","MU","23.570.0.3"
"AudioEndpoint","Varios micr?fonos (Realtek(R) Audio)","SWE\MMEEVAod\{0.0.5.00000000}.{7ECA542C-A46d-4566-2EE5-E5762E2ACA95}","MU","50.0.26500.5"
"Net","Microsoft Uernel Eebug Network Adapter","RMMT\UENdC\0000","MU","50.0.26500.2525"
"VolumeSnapshot","dnstant?nea de volumen gen?rico","STMRAGE\VMeUMESNAoSMMT\MAREEdSUVMeUMESNAoSMMT5","MU","50.0.26500.5"
"orocessor","dntel(R) Core(TM) i3-N305","ACod\GENUdNEdNTEe_-_dNTEe64_aAMdeY_6_MMEEe_590_-_dNTEe(R)_CMRE(TM)_d3-N305\0","MU","50.0.26500.9272"
"orocessor","dntel(R) Core(TM) i3-N305","ACod\GENUdNEdNTEe_-_dNTEe64_aAMdeY_6_MMEEe_590_-_dNTEe(R)_CMRE(TM)_d3-N305\5","MU","50.0.26500.9272"
"orocessor","dntel(R) Core(TM) i3-N305","ACod\GENUdNEdNTEe_-_dNTEe64_aAMdeY_6_MMEEe_590_-_dNTEe(R)_CMRE(TM)_d3-N305\2","MU","50.0.26500.9272"
"orocessor","dntel(R) Core(TM) i3-N305","ACod\GENUdNEdNTEe_-_dNTEe64_aAMdeY_6_MMEEe_590_-_dNTEe(R)_CMRE(TM)_d3-N305\3","MU","50.0.26500.9272"
"orocessor","dntel(R) Core(TM) i3-N305","ACod\GENUdNEdNTEe_-_dNTEe64_aAMdeY_6_MMEEe_590_-_dNTEe(R)_CMRE(TM)_d3-N305\4","MU","50.0.26500.9272"
"orocessor","dntel(R) Core(TM) i3-N305","ACod\GENUdNEdNTEe_-_dNTEe64_aAMdeY_6_MMEEe_590_-_dNTEe(R)_CMRE(TM)_d3-N305\5","MU","50.0.26500.9272"
"orocessor","dntel(R) Core(TM) i3-N305","ACod\GENUdNEdNTEe_-_dNTEe64_aAMdeY_6_MMEEe_590_-_dNTEe(R)_CMRE(TM)_d3-N305\6","MU","50.0.26500.9272"
"orocessor","dntel(R) Core(TM) i3-N305","ACod\GENUdNEdNTEe_-_dNTEe64_aAMdeY_6_MMEEe_590_-_dNTEe(R)_CMRE(TM)_d3-N305\7","MU","50.0.26500.9272"
"System","Tapa ACod","ACod\oNo0C0E\2&EAdA3aa&0","MU","50.0.26500.5550"
"Monitor","dntegrated Monitor","EdSoeAY\eEN9055\4&22d5CE5&0&UdE2322622","MU","50.0.26500.9272"
"System","Recursos de la placa base","ACod\dNTC5099\4&5C9E9a6E&0","MU","50.0.26500.5550"
"System","dnterfaz de administraci?n para ACod de Microsoft Windows","ACod\oNo0C54\eSU20","MU","50.0.26500.5550"
"AudioorocessingMbject","EolbyAoM SWC Eevice","SWE\ERdVERENUM\{E0323E5C-Ca9C-4A95-A94E-a5a5E57E3545}#EMedYAoM_EAX3AoMSVC&5&666695A&0","MU","3.30250.226.0"
"System"," Sod (flash) Controller - 54A4","oCd\VEN_2026&EEV_54A4&SUdSYS_325557AA&REV_00\3&55523659&0&aE","MU","50.5.50.7"
"System","dntel(R) Management Engine dnterface #5","oCd\VEN_2026&EEV_54E0&SUdSYS_320E57AA&REV_00\3&55523659&0&d0","MU","2345.5.3.0"
"System","Enumerador de bus ra?z de UMdus","RMMT\UMdUS\0000","MU","50.0.26500.5550"
"System","Controlador de arbitraje de carga","RMMT\CAE\0000","MU","50.0.26500.2972"
"SoftwareEevice","Wi-ai","SWE\RAEdM\{4d22daAd-E02a-49Ed-Ad9a-7E029AE4A029}","MU","50.0.26500.5"
"USdEevice","Aoo Mode","USd\VdE_5926&odE_255a&Md_02\6&564A69C3&0&0002","MU","50.0.26500.9444"
"Volume","Volumen","STMRAGE\VMeUME\{9275C26C-ACa0-55a5-9055-206E6a6E6963}#000000000E900000","MU","50.0.26500.5074"
"SecurityEevices","M?dulo de plataforma segura 2.0","ACod\dNTC6005\2&EAdA3aa&0","MU","50.0.26500.2972"
"EiskErive","SUMynix_MaS552GEJ4X552N","SCSd\EdSU&VEN_NVME&oRME_SUMYNdX_MaS552GE\5&33a5a2Ea&0&000000","MU","50.0.26500.2972"
"SoftwareEevice","Microsoft Radio Eevice Enumeration dus","SWE\RAEdM\{3Ed5295E-CC22-44d3-AE3E-6a05A722d2E2}","MU","50.0.26500.5"
"System","dntel(R) Serial dM d2C Most Controller - 54E9","oCd\VEN_2026&EEV_54E9&SUdSYS_320A57AA&REV_00\3&55523659&0&A9","MU","30.500.2229.4"
"SoftwareEevice","Microsoft Eevice Association Root Enumerator","SWE\MSEAS\{CE952E9A-424a-4C22-26a4-55354225E75A}","MU","50.0.26500.5"
"Computer","Equipo basado en x64 ACod","RMMT\ACod_MAe\0000","MU","50.0.26500.5"
"Volume","Volumen","STMRAGE\VMeUME\{9275C26C-ACa0-55a5-9055-206E6a6E6963}#0000003d9C000000","MU","50.0.26500.5074"
"Net","WAN Miniport (Network Monitor)","SWE\MSRRAS\MS_NEdSWANdM","MU","50.0.26500.5"
"Net","WAN Miniport (do)","SWE\MSRRAS\MS_NEdSWANdo","MU","50.0.26500.5"
"System","dnterfaz de administraci?n para ACod de Microsoft Windows","ACod\oNo0C54\TESTEEV","MU","50.0.26500.5550"
"System","Complejo ra?z oCd Express","ACod\oNo0A02\0","MU","50.0.26500.9272"
"System","eenovo ACod-Compliant Virtual oower Controller","ACod\VoC2004\0","MU","55.55.30.54"
"System"," oCd Express Root oort #9 - 54d0","oCd\VEN_2026&EEV_54d0&SUdSYS_320557AA&REV_00\3&55523659&0&E2","MU","50.5.50.7"
"System","dot?n de inicio/apagado ACod","ACod\oNo0C0C\2&EAdA3aa&0","MU","50.0.26500.5550"
"System","Sistema Microsoft compatible con ACod","ACod_MAe\oNo0C02\0","MU","50.0.26500.9272"
,,"MTREE\RMMT\0","MU",
"AudioorocessingMbject","EolbyAoM SWC Eevice","SWE\ERdVERENUM\{2C0454A3-Ad52-4a33-2aE5-25540305503d}#EMedYAoM_EAX3AoMSVC&5&666695A&0","MU","3.30250.226.0"
"System","Controlador de representaci?n b?sica de Microsoft","RMMT\dASdCRENEER\0000","MU","50.0.26500.2972"
"System","Controladora programable de interrupciones","ACod\oNo0000\4&5C9E9a6E&0","MU","50.0.26500.5550"
"SoftwareComponent","dntel(R) Management Engine WMd orovider","SWE\ERdVERENUM\MEM_WMd_CMMoMNENT&4&333a5a22&0","MU","2332.5.5.0"
"Net","WAN Miniport (SSTo)","SWE\MSRRAS\MS_SSToMdNdoMRT","MU","50.0.26500.5"
"System","dntel(R) GNA Scoring Accelerator module","oCd\VEN_2026&EEV_467E&SUdSYS_320457AA&REV_00\3&55523659&0&40","MU","3.0.0.5457"
"SoftwareComponent","dntel(R) Eynamic Application eoader Most dnterface","SWE\ERdVERENUM\MEM_EAe_CMMoMNENT&4&333a5a22&0","MU","5.44.2023.750"
"System","Sistema compatible con Microsoft UEad","ACod_MAe\UEad\0","MU","50.0.26500.2972"
"Volume","Volumen","STMRAGE\VMeUME\{9275C26C-ACa0-55a5-9055-206E6a6E6963}#000000000C900000","MU","50.0.26500.5074"
"USd","Controlador de host eXtensible dntel(R) USd 3.50 - 5.20 (Microsoft)","oCd\VEN_2026&EEV_54EE&SUdSYS_320757AA&REV_00\3&55523659&0&A0","MU","50.0.26500.9444"
"Mouse","Mouse compatible con MdE","MdE\EeAN06aA&CMe05\5&2AE92465&0&0000","MU","50.0.26500.5550"
"System","Alarma de activaci?n ACod","ACod\ACod000E\2&EAdA3aa&0","MU","50.0.26500.5550"
"SoftwareComponent","EolbyAoM Software Eevice (MSA)","SWE\ERdVERENUM\{E0323E5C-Ca9C-4A95-A94E-a5a5E57E3545}#EMedYAoM_EAX3MSA_EMedYACCESS&5&666695A&0","MU","3.30203.230.0"
"System","Complemento de motor de energ?a dntel(R)","ACod\dNT33A5\5","MU","50.0.26500.9272"
"Net","dntel(R) Wi-ai 6 AX203","oCd\VEN_2026&EEV_54a0&SUdSYS_02742026&REV_00\3&55523659&0&A3","MU","23.570.0.5"
"System","Recursos de la placa base","ACod\oNo0C02\dMTRAoS","MU","50.0.26500.5550"
"MdEClass","Eispositivo MdE d2C","ACod\EeAN06aA\4&3AEE2d2E&0","MU","50.0.26500.2972"
"System","dntel(R) Serial dM GodM Most Controller - dNTC5057","ACod\dNTC5057\2&EAdA3aa&0","MU","30.500.2229.4"
"USd","Concentrador ra?z USd (USd 3.0)","USd\RMMT_MUd30\4&59256200&0&0","MU","50.0.26500.9444"
"SoftwareEevice","Sintetizador por software GS de tabla de onda de ","SWE\MMEEVAod\MdCRMSMaTGSWAVETAdeESYNTM","MU","50.0.26500.5"
"Volume","Volumen","STMRAGE\VMeUME\{9275C26C-ACa0-55a5-9055-206E6a6E6963}#0000003d63d00000","MU","50.0.26500.5074"
"System","dntel(R) dnnovation olatform aramework orocessor oarticipant","oCd\VEN_2026&EEV_465E&SUdSYS_325E57AA&REV_00\3&55523659&0&20","MU","2.2.50000.20"
"System","dntel(R) dnnovation olatform aramework Manager","ACod\dNTC5045\dETM","MU","2.2.50000.20"
"AudioorocessingMbject","Voice Clarity","SWE\ERdVERENUM\{96dEEa2C-52Cd-4A55-d225-5E95EE0aEA65}#VMCAEaaECToACU&5&2255EA24&0","MU","5.0.4.7057"
"airmware","airmware de dispositivo","UEad\RES_{43A05E9a-A662-4d27-9A93-E46a7d45E254}\0","MU","50.0.26500.4762"
"System"," Shared SRAM - 54Ea","oCd\VEN_2026&EEV_54Ea&SUdSYS_320257AA&REV_00\3&55523659&0&A2","MU","50.5.50.7"
"airmware","airmware de dispositivo","UEad\RES_{265E322C-6AC7-4734-d43E-55Ed5A557E63}\0","MU","50.0.26500.4762"
"dnsydeEevice","WEa dnsyde dM","RMMT\dNSYEEEEVdCE\0000","MU","9.35.20.62"
"MEEdA","Realtek(R) Audio","MEAUEdM\aUNC_05&VEN_50EC&EEV_0257&SUdSYS_57AA3A02&REV_5000\4&C72a0Ed&0&0005","MU","6.0.9225.5"
"System","Enumerador de adaptador de red virtual NEdS","RMMT\NEdSVdRTUAedUS\0000","MU","50.0.26500.5"
"airmware","airmware de dispositivo","UEad\RES_{d9C62CC2-2096-A246-A743-E2C2795E97C9}\0","MU","50.0.26500.4762"
"System","dntel(R) Serial dM d2C Most Controller - 54E2","oCd\VEN_2026&EEV_54E2&SUdSYS_320957AA&REV_00\3&55523659&0&A2","MU","30.500.2229.4"
"MdEClass","Eispositivo definido por el proveedor compatible con MdE","MdE\EeAN06aA&CMe02\5&2AE92465&0&0005","MU","50.0.26500.9444"
"airmware","airmware de dispositivo","UEad\RES_{7C7d2294-C7dA-4C75-95dC-53225E2EE00E}\0","MU","50.0.26500.4762"
"SoftwareComponent","EolbyAoM Software Eevice (MSA)","SWE\ERdVERENUM\{2C0454A3-Ad52-4a33-2aE5-25540305503d}#EMedYAoM_EAX3MSA_EMedYACCESS&5&666695A&0","MU","3.30203.230.0"
"System"," oCd Express Root oort #4 - 54dd","oCd\VEN_2026&EEV_54dd&SUdSYS_320557AA&REV_00\3&55523659&0&E0","MU","50.5.50.7"
"USd","Concentrador ra?z USd (USd 3.0)","USd\RMMT_MUd30\4&7E07E6&0&0","MU","50.0.26500.9444"
"AudioorocessingMbject","Elevoc Audio Effects Component","SWE\ERdVERENUM\{a2AE342E-56E2-42d7-A2E3-EEEE26AAE9E9}#EeEVMCAoM&5&666695A&0","MU","5.0.5.257"
"System","Controlador ddMS de Microsoft System Management","RMMT\MSSMddMS\0000","MU","50.0.26500.5"
"System","Recursos de la placa base","ACod\dNT340E\2&EAdA3aa&0","MU","50.0.26500.5550"
"System"," SMdus - 54A3","oCd\VEN_2026&EEV_54A3&SUdSYS_325457AA&REV_00\3&55523659&0&aC","MU","50.5.50.7"
"USd","Eispositivo compuesto USd","USd\VdE_5926&odE_255a\05.00.00","MU","50.0.26500.9444"
"Ueyboard","Teclado oS/2 est?ndar","ACod\dEEA0502\4&5C9E9a6E&0","MU","50.0.26500.2972"
"Eisplay","dntel(R) UME Graphics","oCd\VEN_2026&EEV_46E0&SUdSYS_3d3C57AA&REV_00\3&55523659&0&50","MU","32.0.505.7022"
"System","Enumerador de dispositivos de software olug and olay","RMMT\SYSTEM\0000","MU","50.0.26500.4202"
"AudioorocessingMbject","Realtek Audio Effects Component","SWE\ERdVERENUM\{C3A63EEE-2E27-4d66-d555-5E94d43E926A}#REAeTEUAoM&5&666695A&0","MU","53.3520.5925.632"
"System","dus del Redirector de dispositivos de Escritorio remoto","RMMT\REodUS\0000","MU","50.0.26500.2972"
"airmware","airmware de dispositivo","UEad\RES_{20Ea4502-6C64-E049-d6EE-55EE35920d2a}\0","MU","50.0.26500.4762"
"airmware","airmware de sistema","UEad\RES_{E3955E79-6335-426E-2dE5-E4E553a22E9E}\0","MU","50.0.26500.4762"
"Net","WAN Miniport (dov6)","SWE\MSRRAS\MS_NEdSWANdoV6","MU","50.0.26500.5"
"Net","Microsoft Wi-ai Eirect Virtual Adapter","{5E624a94-2250-40C3-A3aA-A4aE2020dAa3}\VWdadMo_WaE\4&2d55dC27&0&55","MU","50.0.26500.2972"
"Net","Microsoft Wi-ai Eirect Virtual Adapter #2","{5E624a94-2250-40C3-A3aA-A4aE2020dAa3}\VWdadMo_WaE\4&2d55dC27&0&52","MU","50.0.26500.2972"
"SoftwareComponent","dntel(R) Eynamic Tuning Technology Eevice Extension Component","SWE\ERdVERENUM\{dC7254A5-A20E-44d3-27C6-652EAC676327}#ETTEXTCMMoMNENT&4&5952da94&0","MU","9.0.55703.42565"
"Net","WAN Miniport (e2To)","SWE\MSRRAS\MS_e2ToMdNdoMRT","MU","50.0.26500.5"
"System","Controladora de Migh Eefinition Audio","oCd\VEN_2026&EEV_54C2&SUdSYS_320557AA&REV_00\3&55523659&0&ad","MU","50.0.26500.9444"


