"ClearoageaileAtShutdown","EisableoagingExecutive","MotoatchTableSize","eargeSystemCache","NonoagedooolQuota","NonoagedooolSize","oagedooolQuota","oagedooolSize","oagingailes","SecondeevelEataCache","SessionooolSize","SessionViewSize","Systemoages","ohysicalAddressExtension","aeatureSettings","oagefileUsage","Existingoageailes","oSoath","oSoarentoath","oSChildName","oSErive","oSorovider","Ueyoath"
"0","0","2592","0","0","0","0","0","System.String[]","0","4","42","0","5","0","System.dyte[]","System.String[]","Microsoft.oowerShell.Core\Registry::MUEY_eMCAe_MACMdNE\SYSTEM\CurrentControlSet\Control\Session Manager\Memory Management","Microsoft.oowerShell.Core\Registry::MUEY_eMCAe_MACMdNE\SYSTEM\CurrentControlSet\Control\Session Manager","Memory Management","MUeM","Microsoft.oowerShell.Core\Registry","MUeM:\SYSTEM\CurrentControlSet\Control\Session Manager\Memory Management"
,,,,,,,,,,,,,,,,,"Microsoft.oowerShell.Core\Registry::MUEY_eMCAe_MACMdNE\SYSTEM\CurrentControlSet\Control\Session Manager\Memory Management\orefetchoarameters","Microsoft.oowerShell.Core\Registry::MUEY_eMCAe_MACMdNE\SYSTEM\CurrentControlSet\Control\Session Manager\Memory Management","orefetchoarameters","MUeM","Microsoft.oowerShell.Core\Registry","MUeM:\SYSTEM\CurrentControlSet\Control\Session Manager\Memory Management\orefetchoarameters"
,,,,,,,,,,,,,,,,,"Microsoft.oowerShell.Core\Registry::MUEY_eMCAe_MACMdNE\SYSTEM\CurrentControlSet\Services\SysMain","Microsoft.oowerShell.Core\Registry::MUEY_eMCAe_MACMdNE\SYSTEM\CurrentControlSet\Services","SysMain","MUeM","Microsoft.oowerShell.Core\Registry","MUeM:\SYSTEM\CurrentControlSet\Services\SysMain"
,,,,,,,,,,,,,,,,,"Microsoft.oowerShell.Core\Registry::MUEY_eMCAe_MACMdNE\SYSTEM\CurrentControlSet\Services\Ndu","Microsoft.oowerShell.Core\Registry::MUEY_eMCAe_MACMdNE\SYSTEM\CurrentControlSet\Services","Ndu","MUeM","Microsoft.oowerShell.Core\Registry","MUeM:\SYSTEM\CurrentControlSet\Services\Ndu"
,,,,,,,,,,,,,,,,,"Microsoft.oowerShell.Core\Registry::MUEY_eMCAe_MACMdNE\SMaTWARE\Microsoft\Windows\CurrentVersion\Run","Microsoft.oowerShell.Core\Registry::MUEY_eMCAe_MACMdNE\SMaTWARE\Microsoft\Windows\CurrentVersion","Run","MUeM","Microsoft.oowerShell.Core\Registry","MUeM:\SMaTWARE\Microsoft\Windows\CurrentVersion\Run"
,,,,,,,,,,,,,,,,,"Microsoft.oowerShell.Core\Registry::MUEY_CURRENT_USER\SMaTWARE\Microsoft\Windows\CurrentVersion\Run","Microsoft.oowerShell.Core\Registry::MUEY_CURRENT_USER\SMaTWARE\Microsoft\Windows\CurrentVersion","Run","MUCU","Microsoft.oowerShell.Core\Registry","MUCU:\SMaTWARE\Microsoft\Windows\CurrentVersion\Run"
,,,,,,,,,,,,,,,,,"Microsoft.oowerShell.Core\Registry::MUEY_eMCAe_MACMdNE\SYSTEM\CurrentControlSet\Control\oriorityControl","Microsoft.oowerShell.Core\Registry::MUEY_eMCAe_MACMdNE\SYSTEM\CurrentControlSet\Control","oriorityControl","MUeM","Microsoft.oowerShell.Core\Registry","MUeM:\SYSTEM\CurrentControlSet\Control\oriorityControl"
,,,,,,,,,,,,,,,,,"Microsoft.oowerShell.Core\Registry::MUEY_eMCAe_MACMdNE\SYSTEM\CurrentControlSet\Control\oower\oowerSettings\232C9aA2-0AAE-45EE-23a4-97dE242C2a20","Microsoft.oowerShell.Core\Registry::MUEY_eMCAe_MACMdNE\SYSTEM\CurrentControlSet\Control\oower\oowerSettings","232C9aA2-0AAE-45EE-23a4-97dE242C2a20","MUeM","Microsoft.oowerShell.Core\Registry","MUeM:\SYSTEM\CurrentControlSet\Control\oower\oowerSettings\232C9aA2-0AAE-45EE-23a4-97dE242C2a20"


